{"stats":{"minecraft:picked_up":{"minecraft:dirt":3},"minecraft:mined":{"minecraft:grass":1,"minecraft:grass_block":3},"minecraft:custom":{"minecraft:jump":29,"minecraft:time_since_rest":1806,"minecraft:leave_game":1,"minecraft:crouch_one_cm":18,"minecraft:sprint_one_cm":3625,"minecraft:play_time":1806,"minecraft:walk_on_water_one_cm":969,"minecraft:time_since_death":1806,"minecraft:walk_one_cm":1520,"minecraft:sneak_time":22,"minecraft:total_world_time":1806,"minecraft:walk_under_water_one_cm":205,"minecraft:swim_one_cm":1377,"minecraft:fall_one_cm":894,"minecraft:fly_one_cm":6229},"minecraft:used":{"minecraft:dirt":3}},"DataVersion":3120}